Model	Human	AI	Language
Ada	6.666666667	100	ca
Babbage	31.66666667	100	ca
Curie	63.33333333	100	ca
Davinci	81.66666667	100	ca
Human	93.33333333	100	ca
Ada	51.66666667	100	en
Babbage	70	100	en
Curie	60	100	en
Davinci	88.33333333	100	en
Human	85	100	en